asset_slot,output_path,category,purpose,format,aspect,priority,status,approval_dependency,source_reference
IMG/logo/main,assets/ui/generated/branding/logo_forest_arena.png,branding,Main FOREST ARENA transparent logo,transparent PNG,wide,high,missing,design-approval-required,
IMG/logo/small,assets/ui/generated/branding/logo_forest_arena_small.png,branding,Compact loading and top UI logo,transparent PNG,wide,medium,missing,design-approval-required,
IMG/bg/splash,assets/ui/generated/background/bg_splash_forest.png,background,Character-free splash forest environment,PNG or WebP,16:9,high,missing,no-character-required,
IMG/bg/login,assets/ui/generated/background/bg_login_village.png,background,Bright fantasy forest village,PNG or WebP,16:9,high,missing,design-approval-required,
IMG/bg/lobby,assets/ui/generated/background/bg_lobby_forest_town.png,background,Main bright forest town lobby,PNG or WebP,16:9,high,missing,design-approval-required,
IMG/bg/character-room,assets/ui/generated/background/bg_character_room.png,background,Character collection and detail backdrop,PNG or WebP,16:9,medium,missing,design-approval-required,
IMG/bg/accessory-workshop,assets/ui/generated/background/bg_accessory_workshop.png,background,Accessory workshop forest backdrop,PNG or WebP,16:9,medium,missing,no-rarity-required,
IMG/bg/mode/story,assets/ui/generated/background/bg_mode_story.png,background,Story mode card illustration,PNG or WebP,3:2,medium,missing,design-approval-required,
IMG/bg/mode/solo,assets/ui/generated/background/bg_mode_solo.png,background,Solo mode card illustration,PNG or WebP,3:2,medium,missing,design-approval-required,
IMG/bg/mode/team,assets/ui/generated/background/bg_mode_team.png,background,Team mode party illustration,PNG or WebP,3:2,medium,missing,design-approval-required,
IMG/bg/mode/ai,assets/ui/generated/background/bg_mode_ai.png,background,AI battle mode card illustration,PNG or WebP,3:2,medium,missing,design-approval-required,
IMG/bg/mode/practice,assets/ui/generated/background/bg_mode_training.png,background,Practice mode card illustration,PNG or WebP,3:2,medium,missing,design-approval-required,
IMG/bg/matchmaking,assets/ui/generated/background/bg_matchmaking.png,background,Matchmaking portal forest scene,PNG or WebP,16:9,medium,missing,phase-7-online,
IMG/bg/loading,assets/ui/generated/background/bg_loading.png,background,Pre-battle loading environment,PNG or WebP,16:9,medium,missing,design-approval-required,
IMG/bg/victory,assets/ui/generated/background/bg_victory.png,background,Celebratory forest result background,PNG or WebP,16:9,medium,missing,design-approval-required,
IMG/char/mouse/full,assets/ui/generated/character/main/char_mouse_full.png,character,Ja-Hyun mouse-theme full body,transparent PNG,portrait-full-body,high,source-approved-output-missing,approved-character-ja-hyun,assets/character/ja-hyun/concept/ja-hyun-concept-v01.png
IMG/char/mouse/bust,assets/ui/generated/character/main/char_mouse_bust.png,character,Ja-Hyun mouse-theme bust,transparent PNG,portrait,high,source-approved-output-missing,approved-character-ja-hyun,assets/character/ja-hyun/concept/ja-hyun-concept-v01.png
IMG/char/mouse/face,assets/ui/generated/character/main/char_mouse_face.png,character,Ja-Hyun mouse-theme card portrait,PNG,1:1,high,source-approved-output-missing,approved-character-ja-hyun,assets/character/ja-hyun/concept/ja-hyun-concept-v01.png
IMG/char/rabbit/full,assets/ui/generated/character/main/char_rabbit_full.png,character,Myo-Ryung rabbit-theme full body,transparent PNG,portrait-full-body,high,source-approved-output-missing,approved-character-myo-ryung,assets/character/myo-ryung/concept/myo-ryung-concept-v01.png
IMG/char/rabbit/bust,assets/ui/generated/character/main/char_rabbit_bust.png,character,Myo-Ryung rabbit-theme bust,transparent PNG,portrait,high,source-approved-output-missing,approved-character-myo-ryung,assets/character/myo-ryung/concept/myo-ryung-concept-v01.png
IMG/char/rabbit/face,assets/ui/generated/character/main/char_rabbit_face.png,character,Myo-Ryung rabbit-theme card portrait,PNG,1:1,high,source-approved-output-missing,approved-character-myo-ryung,assets/character/myo-ryung/concept/myo-ryung-concept-v01.png
IMG/char/roster/fox,assets/ui/generated/character/roster/char_fox_face.png,character,Future original fox-theme fighter portrait,PNG,1:1,medium,blocked,character-approval-required,
IMG/char/roster/wolf,assets/ui/generated/character/roster/char_wolf_face.png,character,Future original wolf-theme fighter portrait,PNG,1:1,medium,blocked,character-approval-required,
IMG/char/roster/deer,assets/ui/generated/character/roster/char_deer_face.png,character,Future original deer-theme fighter portrait,PNG,1:1,medium,blocked,character-approval-required,
IMG/char/roster/cat,assets/ui/generated/character/roster/char_cat_face.png,character,Nabi cat-theme fighter portrait,PNG,1:1,medium,source-approved-output-missing,approved-character-nabi,assets/character/nabi/concept/nabi-concept-v01.png
IMG/char/roster/raccoon,assets/ui/generated/character/roster/char_raccoon_face.png,character,Future original raccoon-theme fighter portrait,PNG,1:1,medium,blocked,character-approval-required,
IMG/char/roster/extra-01,assets/ui/generated/character/roster/char_extra_01_face.png,character,Future eighth roster fighter portrait,PNG,1:1,medium,blocked,character-approval-required,
IMG/accessory/wind-gauntlet,assets/ui/generated/accessory/acc_wind_gauntlet.png,accessory,Isolated wind gauntlet with no rarity cues,transparent PNG,1:1,high,missing,no-rarity-required,
IMG/accessory/leaf-chakram,assets/ui/generated/accessory/acc_leaf_chakram.png,accessory,Isolated leaf chakram with no rarity cues,transparent PNG,1:1,high,missing,no-rarity-required,
IMG/accessory/vine-blade,assets/ui/generated/accessory/acc_vine_blade.png,accessory,Isolated vine blade with no rarity cues,transparent PNG,1:1,high,missing,no-rarity-required,
IMG/accessory/spirit-lantern,assets/ui/generated/accessory/acc_spirit_lantern.png,accessory,Isolated spirit lantern with no rarity cues,transparent PNG,1:1,high,missing,no-rarity-required,
IMG/accessory/gale-boots,assets/ui/generated/accessory/acc_gale_boots.png,accessory,Isolated gale boots with no rarity cues,transparent PNG,1:1,high,missing,no-rarity-required,
IMG/accessory/thorn-guard,assets/ui/generated/accessory/acc_thorn_guard.png,accessory,Isolated thorn guard with no rarity cues,transparent PNG,1:1,high,missing,no-rarity-required,
IMG/accessory/tail-booster,assets/ui/generated/accessory/acc_tail_booster.png,accessory,Isolated tail booster with no rarity cues,transparent PNG,1:1,high,missing,no-rarity-required,
IMG/accessory/horn-crest,assets/ui/generated/accessory/acc_horn_crest.png,accessory,Isolated horn crest with no rarity cues,transparent PNG,1:1,high,missing,no-rarity-required,
IMG/accessory/shadow-orb,assets/ui/generated/accessory/acc_shadow_orb.png,accessory,Isolated shadow orb with no rarity cues,transparent PNG,1:1,high,missing,no-rarity-required,
IMG/illust/story-chapter-01,assets/ui/generated/illustration/illust_story_chapter_01.png,illustration,Story chapter key art,PNG or WebP,16:9,medium,missing,design-approval-required,
IMG/illust/event-01,assets/ui/generated/illustration/illust_event_01.png,illustration,Lobby event banner art,PNG or WebP,wide,medium,missing,design-approval-required,
IMG/illust/shop-feature,assets/ui/generated/illustration/illust_shop_feature.png,illustration,Shop featured banner art,PNG or WebP,wide,medium,missing,economy-approval-required,
IMG/illust/mvp-mouse,assets/ui/generated/illustration/illust_mvp_mouse.png,illustration,Ja-Hyun MVP hero art,transparent PNG,landscape,medium,source-approved-output-missing,approved-character-ja-hyun,assets/character/ja-hyun/concept/ja-hyun-concept-v01.png
IMG/illust/victory-duo,assets/ui/generated/illustration/illust_victory_duo.png,illustration,Ja-Hyun and Myo-Ryung victory art,transparent PNG,landscape,medium,source-approved-output-missing,approved-character-ja-hyun-and-myo-ryung,assets/character/ja-hyun/concept/ja-hyun-concept-v01.png|assets/character/myo-ryung/concept/myo-ryung-concept-v01.png
IMG/rank/bronze,assets/ui/generated/rank/rank_bronze.png,rank,Bronze rank emblem,transparent PNG,1:1,low,missing,rank-approval-required,
IMG/rank/silver,assets/ui/generated/rank/rank_silver.png,rank,Silver rank emblem,transparent PNG,1:1,low,missing,rank-approval-required,
IMG/rank/gold,assets/ui/generated/rank/rank_gold.png,rank,Gold rank emblem,transparent PNG,1:1,low,missing,rank-approval-required,
IMG/rank/platinum,assets/ui/generated/rank/rank_platinum.png,rank,Platinum rank emblem,transparent PNG,1:1,low,missing,rank-approval-required,
IMG/rank/diamond,assets/ui/generated/rank/rank_diamond.png,rank,Diamond rank emblem,transparent PNG,1:1,low,missing,rank-approval-required,
IMG/rank/master,assets/ui/generated/rank/rank_master.png,rank,Master rank emblem,transparent PNG,1:1,low,missing,rank-approval-required,
IMG/icon/story,assets/ui/generated/icon/icon_story.svg,icon,Story mode icon,SVG,1:1,low,missing,design-approval-required,
IMG/icon/solo,assets/ui/generated/icon/icon_solo.svg,icon,Solo mode icon,SVG,1:1,low,missing,design-approval-required,
IMG/icon/team,assets/ui/generated/icon/icon_team.svg,icon,Team mode icon,SVG,1:1,low,missing,design-approval-required,
IMG/icon/ai,assets/ui/generated/icon/icon_ai.svg,icon,AI battle icon,SVG,1:1,low,missing,design-approval-required,
IMG/icon/practice,assets/ui/generated/icon/icon_training.svg,icon,Practice mode icon,SVG,1:1,low,missing,design-approval-required,
IMG/icon/character,assets/ui/generated/icon/icon_character.svg,icon,Character navigation icon,SVG,1:1,low,missing,design-approval-required,
IMG/icon/accessory,assets/ui/generated/icon/icon_accessory.svg,icon,Accessory navigation icon,SVG,1:1,low,missing,no-rarity-required,
IMG/icon/shop,assets/ui/generated/icon/icon_shop.svg,icon,Shop navigation icon,SVG,1:1,low,missing,economy-approval-required,
IMG/icon/social,assets/ui/generated/icon/icon_social.svg,icon,Social navigation icon,SVG,1:1,low,missing,social-approval-required,
IMG/icon/mission,assets/ui/generated/icon/icon_mission.svg,icon,Mission navigation icon,SVG,1:1,low,missing,progression-approval-required,
IMG/fx/leaf-corner,assets/ui/generated/fx/fx_leaf_corner.png,fx,Decorative leaf corner overlay,transparent PNG,free,low,missing,design-approval-required,
IMG/fx/light-particles,assets/ui/generated/fx/fx_light_particles.png,fx,Light particle overlay,transparent PNG,free,low,missing,design-approval-required,
IMG/fx/victory-rays,assets/ui/generated/fx/fx_victory_rays.png,fx,Victory ray overlay,transparent PNG,free,low,missing,design-approval-required,
IMG/fx/match-ring,assets/ui/generated/fx/fx_match_ring.png,fx,Match found countdown ring,transparent PNG,1:1,low,missing,phase-7-online,
